project;class;method;merge commit;left modifications;right modifications;ConflictPathHasMissReference;ConflictMatchDetail
antlr4;org.antlr.v4.codegen.target.Python2Target;python2Keywords;69ff2669eec265e25721dbc27cb00f6c381d0b41;[64];[53];False;
antlr4;org.antlr.v4.codegen.target.Python3Target;python3Keywords;69ff2669eec265e25721dbc27cb00f6c381d0b41;[64];[53];False;
druid;com.metamx.druid.loading.S3SegmentPusher;push(File, DataSegment);05168808c278c080c59c19e858d9471b316cd1f5;[66, 118, 139, 110];[105, 125];False;
netty;org.jboss.netty.handler.codec.frame.LengthFieldBasedFrameDecoder;decode(ChannelHandlerContext, Channel, ChannelBuffer);193acdb36cd3da9bfc62dd69c4208dff3f0a2b1b;[358, 360];[322, 374];False;
OpenTripPlanner;org.opentripplanner.routing.spt.MultiShortestPathTree;dominates(State, State);4c506dce43775704919d084f0acfba86d251bf4a;[144, 146, 147, 148, 149, 152, 141];[123];False;
webbit;org.webbitserver.netty.WebSocketClient;adjustPipelineToWebSocket(ChannelHandlerContext, MessageEvent, ChannelHandler, ChannelHandler);74d2d2b87704d003acacb34e4ca8fb5f897b938f;[260];[262];False;
resty-gwt;org.fusesource.restygwt.rebind.DirectRestServiceInterfaceClassCreator;getMethodCallback(JMethod);867b917c43c32acbdcac55767e7f04334006c866;[83, 84, 85];[86, 87, 88, 89, 90, 91];False;
storm;org.apache.storm.kafka.spout.KafkaSpout;open(Map, TopologyContext, SpoutOutputCollector);ad2be678831b3b060229fd936e3908110162b7ac;[];[118, 102];False;
storm;org.apache.storm.kafka.spout.KafkaSpoutConfig;KafkaSpoutConfig(Builder<K,V>);ad2be678831b3b060229fd936e3908110162b7ac;[];[435, 436, 437, 438, 439, 440, 441, 430, 431];False;
storm;org.apache.storm.kafka.spout.KafkaSpoutConfig;toString();ad2be678831b3b060229fd936e3908110162b7ac;[];[515, 516, 521, 522];False;
storm;org.apache.storm.kafka.spout.KafkaSpout;emitTupleIfNotEmitted(ConsumerRecord<K,V>);bd1f5c54752f67b484a83c26667331234234d3a3;[305, 306, 307, 312];[316, 319];False;
swagger-maven-plugin;com.github.kongchen.swagger.docgen.reader.AbstractReader;hasValidAnnotations(List<Annotation>);e825a7fdc6ef688f1253b93d2cb236e710acfc56;[342, 343];[342];False;
jsoup;org.jsoup.helper.HttpConnection;execute(Connection.Request, Response);a8b6982de98ff76ef254031d7152fff57f6bf941;[584, 585, 586];[544, 547];False;
jsoup;org.jsoup.helper.HttpConnection;createConnection(Connection.Request);fee4762322f85a1109edd75ccb67f38cf5008c80;[609, 610, 611, 612, 613, 614];[617];False;
jsoup;org.jsoup.helper.HttpConnection;execute(Connection.Request, Response);3f7d2c71dbbbb289c684f339874eed8ac2747fa0;[456];[483, 484, 485];False;
jsoup;org.jsoup.nodes.TextNode;outerHtmlHead(StringBuilder, int, Document.OutputSettings);a44e18aa3c1fcd25a68a5965f9490d8f7d026509;[94];[98];False;
retrofit;retrofit.RestAdapter;logAndReplaceResponse(String, Response, long);2b6c719c6645f8e48dca6d0047c752069d321bc4;[438];[415];True;"{""Kind"": ""source"", ""ClassName"": ""retrofit.RestAdapter"", ""MethodName"": ""logAndReplaceResponse"", ""SourceCodeLineNumber"": 415, ""UnitStatement"": ""$stack58 = this.<retrofit.RestAdapter: retrofit.RestAdapter$Log log>"", ""TraversedLines"": [""at retrofit.RestAdapter.logAndReplaceResponse(RestAdapter.java:415)"", ""at retrofit.RestAdapter.logAndReplaceResponse(RestAdapter.java:423)"", ""at retrofit.RestAdapter.logAndReplaceResponse(RestAdapter.java:438)"", ""at retrofit.RestAdapter.logAndReplaceResponse(RestAdapter.java:438)""]}"
retrofit;retrofit.RestAdapter;logAndReplaceRequest(Request);2b6c719c6645f8e48dca6d0047c752069d321bc4;[398];[369];True;"{""Kind"": ""source"", ""ClassName"": ""retrofit.RestAdapter"", ""MethodName"": ""logAndReplaceRequest"", ""SourceCodeLineNumber"": 369, ""UnitStatement"": ""$stack66 = this.<retrofit.RestAdapter: retrofit.RestAdapter$Log log>"", ""TraversedLines"": [""at retrofit.RestAdapter.logAndReplaceRequest(RestAdapter.java:369)"", ""at retrofit.RestAdapter.logAndReplaceRequest(RestAdapter.java:382)"", ""at retrofit.RestAdapter.logAndReplaceRequest(RestAdapter.java:385)"", ""at retrofit.RestAdapter.logAndReplaceRequest(RestAdapter.java:398)"", ""at retrofit.RestAdapter.logAndReplaceRequest(RestAdapter.java:398)""]}"
retrofit;retrofit.RequestBuilder;build();71f622ce51031b152a0be6ad5facfb27a654bf5a;[88];[96, 97, 100, 95];False;
activiti;org.activiti.engine.impl.persistence.entity.DeploymentEntityManager;deleteDeployment(String, boolean);50d8e43eb5917c63abfbcdec1e68e510943f325a;[107];[114, 115, 116, 117];False;
activiti;org.activiti.engine.impl.bpmn.behavior.UserTaskActivityBehavior;execute(ActivityExecution);bf46684ba62f5883673ea8fb0a14aecfe0aedea2;[112, 113, 114, 115, 116, 117, 110, 111];[118, 125, 126, 127];False;
okhttp;com.squareup.okhttp.internal.bytes.GzipSource;consumeHeader(Deadline);1151c9853ccc3c9c3211c613b9b845b925f8c6a6;[112];[138];False;
okhttp;com.squareup.okhttp.OkHttpClient;copyWithDefaults();35166168529bd27281685e56a0a122eff44460e9;[277, 293];[287];False;
HikariCP;com.zaxxer.hikari.HikariConfig;validate();1bca94af9ec625f21d1b58ff10efb5be71ab87a6;[577, 578, 579, 580, 581, 582];[];False;
HikariCP;com.zaxxer.hikari.HikariPool;addConnection();1bca94af9ec625f21d1b58ff10efb5be71ab87a6;[356, 372, 374, 365];[339, 340, 341, 342, 343, 344, 345, 362, 346, 348];True;"{""Kind"": ""source"", ""ClassName"": ""com.zaxxer.hikari.HikariPool"", ""MethodName"": ""addConnection"", ""SourceCodeLineNumber"": 362, ""UnitStatement"": ""$stack10 = this.<com.zaxxer.hikari.HikariPool: javax.sql.DataSource dataSource>"", ""TraversedLines"": [""at com.zaxxer.hikari.HikariPool.addConnection(HikariPool.java:362)"", ""at com.zaxxer.hikari.HikariPool.addConnection(HikariPool.java:363)"", ""at com.zaxxer.hikari.HikariPool.addConnection(HikariPool.java:363)"", ""at com.zaxxer.hikari.HikariPool.addConnection(HikariPool.java:365)"", ""at com.zaxxer.hikari.HikariPool.addConnection(HikariPool.java:365)"", ""at com.zaxxer.hikari.HikariPool.addConnection(HikariPool.java:374)"", ""at com.zaxxer.hikari.HikariPool.addConnection(HikariPool.java:374)""]}"
pushy;com.relayrides.pushy.apns.PushManager;handleConnectionFailure(ApnsConnection<T>, Throwable);58901c846e4f0874977c5aabbc34bcb4de3670e0;[481, 482, 483, 484, 485, 476, 478];[490];False;
pushy;com.relayrides.pushy.apns.PushManager;handleConnectionClosure(ApnsConnection<T>);58901c846e4f0874977c5aabbc34bcb4de3670e0;[520, 510];[515, 500, 502, 503];True;"{""Kind"": ""source"", ""ClassName"": ""com.relayrides.pushy.apns.PushManager"", ""MethodName"": ""handleConnectionClosure"", ""SourceCodeLineNumber"": 500, ""UnitStatement"": ""$stack2 = this.<com.relayrides.pushy.apns.PushManager: com.relayrides.pushy.apns.ApnsConnectionPool connectionPool>"", ""TraversedLines"": [""at com.relayrides.pushy.apns.PushManager.handleConnectionClosure(PushManager.java:500)"", ""at com.relayrides.pushy.apns.PushManager.handleConnectionClosure(PushManager.java:506)"", ""at com.relayrides.pushy.apns.PushManager.handleConnectionClosure(PushManager.java:507)"", ""at com.relayrides.pushy.apns.PushManager.handleConnectionClosure(PushManager.java:510)"", ""at com.relayrides.pushy.apns.PushManager.handleConnectionClosure(PushManager.java:510)""]}"
java-faker;com.github.javafaker.Faker;Faker(Locale, Random);ca42fcfaf45cae1754c58e02e1d5d2a58ec03561;[69, 59];[70];False;
swagger-core;io.swagger.jaxrs2.OperationParser;getSchemaFromAnnotation(io.swagger.oas.annotations.media.Schema);e7fea7c4889dbdd6a4e0b2d059c8aa0f126ab1c2;[240, 241, 234, 235, 236, 237, 238, 239];[244, 187, 188];False;
cucumber-jvm;cuke4duke.internal.java.JavaLanguage;load(String);4505c156b6267c1b760deec570ddbfe047b42aa9;[38, 40];[36];True;"{""Kind"": ""source"", ""ClassName"": ""cuke4duke.internal.java.JavaLanguage"", ""MethodName"": ""load"", ""SourceCodeLineNumber"": 36, ""UnitStatement"": ""clazz = specialinvoke this.<cuke4duke.internal.java.JavaLanguage: java.lang.Class loadClass(java.lang.String)>(java_file)"", ""TraversedLines"": [""at cuke4duke.internal.java.JavaLanguage.load(JavaLanguage.java:36)"", ""at cuke4duke.internal.java.JavaLanguage.load(JavaLanguage.java:38)"", ""at cuke4duke.internal.java.JavaLanguage.load(JavaLanguage.java:38)"", ""at cuke4duke.internal.java.JavaLanguage.load(JavaLanguage.java:38)""]}"
dropwizard;io.dropwizard.setup.Bootstrap;Bootstrap(Application<T>);ddd15a681bf42360337844412cae4aba1556eb88;[71];[65, 67, 68, 69];False;
jenkins;jenkins.slaves.DefaultJnlpSlaveReceiver;handle(String, JnlpSlaveHandshake);48b2b951dfb3438999ceda330093cac82b857ce6;[52];[52, 56, 57];False;
logback;ch.qos.logback.core.rolling.TimeBasedFileNamingAndTriggeringPolicyBase;start();542843fd04a793fb9e0eea0c84d199e66d7c15af;[45];[52, 53, 54, 55, 56];True;"{""Kind"": ""source"", ""ClassName"": ""ch.qos.logback.core.rolling.TimeBasedFileNamingAndTriggeringPolicyBase"", ""MethodName"": ""start"", ""SourceCodeLineNumber"": 45, ""UnitStatement"": ""dtc = virtualinvoke $stack4.<ch.qos.logback.core.rolling.helper.FileNamePattern: ch.qos.logback.core.rolling.helper.DateTokenConverter getPrimaryDateTokenConverter()>()"", ""TraversedLines"": [""at ch.qos.logback.core.rolling.TimeBasedFileNamingAndTriggeringPolicyBase.start(TimeBasedFileNamingAndTriggeringPolicyBase.java:45)"", ""at ch.qos.logback.core.rolling.TimeBasedFileNamingAndTriggeringPolicyBase.start(TimeBasedFileNamingAndTriggeringPolicyBase.java:52)""]}"
orientdb;com.orientechnologies.orient.core.Orient;startup();a5ce3bcc0a1d196745c575ad6602019f7a6b86f8;[191];[158];False;
SimianArmy;com.netflix.simianarmy.basic.janitor.BasicJanitorMonkeyContext;getInstanceJanitor();345ad9513aafff397050d613fa87ad06ddffe99d;[227, 228, 229, 230];[232, 233, 234, 235, 237, 238];False;
SimianArmy;com.netflix.simianarmy.basic.BasicSimianArmyContext;BasicSimianArmyContext(String);c39c19bc6b9231601f6bc7358e638a99adf37e0d;[128, 129, 130, 131, 115, 132, 133, 134, 135, 141, 126, 127];[112, 113, 114, 115, 110, 111];False;
alluxio;tachyon.hadoop.HdfsFileInputStream;HdfsFileInputStream(TachyonFS, int, Path, Configuration, int);dafe76c90024a915224264b4862b33f40cb8478c;[44, 45];[52, 53, 56, 58];False;
voldemort;voldemort.VoldemortClientShell;VoldemortClientShell(ClientConfig, String, BufferedReader, PrintStream, PrintStream);b30fdfebe30c9b6e37b9fbc3fec0ff74cd19f997;[123];[128, 127];False;
voldemort;voldemort.server.VoldemortConfig;VoldemortConfig(Props);4cc1c145819030c8e2baffe4c92383de14b8d880;[359];[448, 455];False;
libgdx;com.badlogic.gdx.backends.lwjgl3.Lwjgl3Application;newWindow(ApplicationListener, Lwjgl3WindowConfiguration);da27e2dae56be0a159e82231e5c3a5b83b099063;[318];[325];False;
libgdx;com.badlogic.gdx.backends.lwjgl3.Lwjgl3ApplicationConfiguration;copy(Lwjgl3ApplicationConfiguration);da27e2dae56be0a159e82231e5c3a5b83b099063;[96, 97, 98, 99];[107];False;
RxJava;rx.internal.operators.OperatorMulticast;connect(Action1<?superSubscription>);a40a4130edcdadc2340da5787ca30353018173f2;[94];[128, 129, 131, 117, 118, 119, 120, 121, 122, 124, 125];False;
RxJava;rx.concurrency.TestScheduler;triggerActions(long);1c47b0cb26e6d971eefa42ebb3479099236b0125;[100];[96, 97, 95];False;
elasticsearch-river-mongodb;org.elasticsearch.river.mongodb.MongoDBRiverDefinition;parseSettings(String, String, RiverSettings, ScriptService);3d4f99516ba3177f7d88a1f600923138a8b77cc8;[714, 699, 683, 717, 686, 703];[576, 515, 582, 617, 490, 635, 670];False;
elasticsearch-river-mongodb;org.elasticsearch.river.mongodb.Slurper;assignCollections();3d4f99516ba3177f7d88a1f600923138a8b77cc8;[288, 289, 290, 322, 291, 292, 293, 294, 295, 297, 298, 286, 287];[315, 331, 302];True;"{""Kind"": ""source"", ""ClassName"": ""org.elasticsearch.river.mongodb.Slurper"", ""MethodName"": ""assignCollections"", ""SourceCodeLineNumber"": 287, ""UnitStatement"": ""$stack3 = this.<org.elasticsearch.river.mongodb.Slurper: org.elasticsearch.river.mongodb.MongoDBRiverDefinition definition>"", ""TraversedLines"": [""at org.elasticsearch.river.mongodb.Slurper.assignCollections(Slurper.java:287)"", ""at org.elasticsearch.river.mongodb.Slurper.assignCollections(Slurper.java:297)"", ""at org.elasticsearch.river.mongodb.Slurper.assignCollections(Slurper.java:314)"", ""at org.elasticsearch.river.mongodb.Slurper.assignCollections(Slurper.java:315)"", ""at org.elasticsearch.river.mongodb.Slurper.assignCollections(Slurper.java:315)""]}"
elasticsearch-river-mongodb;org.elasticsearch.river.mongodb.MongoDBRiverDefinition;parseSettings(String, String, RiverSettings, ScriptService);6b6ce8e851c6613213c4508c3f277a80649e0c7b;[534, 646, 535, 536, 538, 539, 540, 541, 526];[561, 500, 567, 602, 475, 620, 655];False;
elasticsearch-river-mongodb;org.elasticsearch.river.mongodb.Indexer;applyAdvancedTransformation(QueueEntry, String);6b6ce8e851c6613213c4508c3f277a80649e0c7b;[321];[288, 358, 331, 287];False;
elasticsearch-river-mongodb;org.elasticsearch.river.mongodb.Indexer;processBlockingQueue(QueueEntry);6b6ce8e851c6613213c4508c3f277a80649e0c7b;[176];[161, 198, 201, 189];True;"{""Kind"": ""source"", ""ClassName"": ""org.elasticsearch.river.mongodb.Indexer"", ""MethodName"": ""processBlockingQueue"", ""SourceCodeLineNumber"": 176, ""UnitStatement"": ""$stack67 = <org.elasticsearch.script.ScriptService$ScriptType: org.elasticsearch.script.ScriptService$ScriptType INLINE>"", ""TraversedLines"": [""at org.elasticsearch.river.mongodb.Indexer.processBlockingQueue(Indexer.java:176)"", ""at org.elasticsearch.river.mongodb.Indexer.processBlockingQueue(Indexer.java:175)"", ""at org.elasticsearch.river.mongodb.Indexer.processBlockingQueue(Indexer.java:180)"", ""at org.elasticsearch.river.mongodb.Indexer.processBlockingQueue(Indexer.java:180)"", ""at org.elasticsearch.river.mongodb.Indexer.processBlockingQueue(Indexer.java:201)""]}"
elasticsearch-river-mongodb;org.elasticsearch.river.mongodb.Slurper;run();6b6ce8e851c6613213c4508c3f277a80649e0c7b;[105];[145, 148];False;
elasticsearch-river-mongodb;org.elasticsearch.river.mongodb.Slurper;addToStream(Operation, Timestamp<?>, DBObject, String);6b6ce8e851c6613213c4508c3f277a80649e0c7b;[752, 747, 748, 751];[736, 737, 738, 739, 740, 741, 742, 743];False;
hector;me.prettyprint.cassandra.connection.client.HSaslThriftClient;open();0588608e7a2bdf974c985ff546207104f672bf6c;[96, 97, 94, 111, 95];[122];True;"{""Kind"": ""source"", ""ClassName"": ""me.prettyprint.cassandra.connection.client.HSaslThriftClient"", ""MethodName"": ""open"", ""SourceCodeLineNumber"": 95, ""UnitStatement"": ""$u1 = new org.apache.thrift.transport.TSocket"", ""TraversedLines"": [""at me.prettyprint.cassandra.connection.client.HSaslThriftClient.open(HSaslThriftClient.java:95)"", ""at me.prettyprint.cassandra.connection.client.HSaslThriftClient.open(HSaslThriftClient.java:95)"", ""at me.prettyprint.cassandra.connection.client.HSaslThriftClient.open(HSaslThriftClient.java:111)"", ""at me.prettyprint.cassandra.connection.client.HSaslThriftClient.open(HSaslThriftClient.java:111)"", ""at me.prettyprint.cassandra.connection.client.HSaslThriftClient.open(HSaslThriftClient.java:122)"", ""at me.prettyprint.cassandra.connection.client.HSaslThriftClient.open(HSaslThriftClient.java:122)""]}"
hector;me.prettyprint.cassandra.connection.client.HKerberosThriftClient;open();a33a46506656a39d1b0f7780973905665d3b6145;[88];[69, 70, 71, 72, 73, 74, 75, 76];True;"{""Kind"": ""source"", ""ClassName"": ""me.prettyprint.cassandra.connection.client.HKerberosThriftClient"", ""MethodName"": ""open"", ""SourceCodeLineNumber"": 73, ""UnitStatement"": ""socket = $stack27"", ""TraversedLines"": [""at me.prettyprint.cassandra.connection.client.HKerberosThriftClient.open(HKerberosThriftClient.java:73)"", ""at me.prettyprint.cassandra.connection.client.HKerberosThriftClient.open(HKerberosThriftClient.java:88)"", ""at me.prettyprint.cassandra.connection.client.HKerberosThriftClient.open(HKerberosThriftClient.java:88)""]}"
hector;me.prettyprint.cassandra.connection.client.HThriftClient;open();a33a46506656a39d1b0f7780973905665d3b6145;[164];[147, 148, 149, 150, 151, 152, 169, 153, 154];True;"{""Kind"": ""source"", ""ClassName"": ""me.prettyprint.cassandra.connection.client.HThriftClient"", ""MethodName"": ""open"", ""SourceCodeLineNumber"": 151, ""UnitStatement"": ""$stack7 = this.<me.prettyprint.cassandra.connection.client.HThriftClient: me.prettyprint.cassandra.service.CassandraHost cassandraHost>"", ""TraversedLines"": [""at me.prettyprint.cassandra.connection.client.HThriftClient.open(HThriftClient.java:151)"", ""at me.prettyprint.cassandra.connection.client.HThriftClient.open(HThriftClient.java:151)"", ""at me.prettyprint.cassandra.connection.client.HThriftClient.open(HThriftClient.java:150)"", ""at me.prettyprint.cassandra.connection.client.HThriftClient.open(HThriftClient.java:151)"", ""at me.prettyprint.cassandra.connection.client.HThriftClient.open(HThriftClient.java:164)""]}"
hector;me.prettyprint.cassandra.connection.HConnectionManager;operateWithFailover(Operation<?>);213f7887ea70eabdf0705cf8454de29af89e8c38;[267, 268];[200];False;
titan;com.thinkaurelius.titan.graphdb.database.serialize.SerializerInitialization;initialize(Serializer);387c16ea05ef9fa312f37139228d2bbf61455ff4;[52, 53, 54, 55, 57];[31];False;
titan;com.thinkaurelius.titan.graphdb.transaction.StandardTitanTx;StandardTitanTx(StandardTitanGraph, TransactionConfiguration, BackendTransaction);04edd7f0e7eab2e8255a497922e34dc707d84c19;[182, 183];[197, 198, 199];False;
MPAndroidChart;com.xxmassdeveloper.mpchartexample.fragments.SimpleFragment;generateScatterData(int, float, int);af114d180da6ec5633d32c701ff5467f7629fcf3;[80, 91];[73];False;
MPAndroidChart;com.xxmassdeveloper.mpchartexample.ScatterChartActivity;onProgressChanged(SeekBar, int, boolean);af114d180da6ec5633d32c701ff5467f7629fcf3;[178, 168, 188, 204, 173, 205];[183, 186, 191];False;
MPAndroidChart;com.xxmassdeveloper.mpchartexample.ScatterChartActivity;onCreate(Bundle);af114d180da6ec5633d32c701ff5467f7629fcf3;[80, 86, 77, 63];[57];True;"{""Kind"": ""source"", ""ClassName"": ""com.xxmassdeveloper.mpchartexample.ScatterChartActivity"", ""MethodName"": ""onCreate"", ""SourceCodeLineNumber"": 57, ""UnitStatement"": ""$stack20 = this.<com.xxmassdeveloper.mpchartexample.ScatterChartActivity: com.github.mikephil.charting.charts.ScatterChart mChart>"", ""TraversedLines"": [""at com.xxmassdeveloper.mpchartexample.ScatterChartActivity.onCreate(ScatterChartActivity.java:57)"", ""at com.xxmassdeveloper.mpchartexample.ScatterChartActivity.onCreate(ScatterChartActivity.java:73)"", ""at com.xxmassdeveloper.mpchartexample.ScatterChartActivity.onCreate(ScatterChartActivity.java:75)"", ""at com.xxmassdeveloper.mpchartexample.ScatterChartActivity.onCreate(ScatterChartActivity.java:77)"", ""at com.xxmassdeveloper.mpchartexample.ScatterChartActivity.onCreate(ScatterChartActivity.java:77)""]}"
MPAndroidChart;com.xxmassdeveloper.mpchartexample.LineChartActivity2;onCreate(Bundle);9297923f09460d0484cd713b0abbeaea9b888ec0;[126];[117];False;
MPAndroidChart;com.xxmassdeveloper.mpchartexample.RadarChartActivitry;onCreate(Bundle);9297923f09460d0484cd713b0abbeaea9b888ec0;[59, 60, 61, 62];[72];True;"{""Kind"": ""source"", ""ClassName"": ""com.xxmassdeveloper.mpchartexample.RadarChartActivitry"", ""MethodName"": ""onCreate"", ""SourceCodeLineNumber"": 59, ""UnitStatement"": ""$stack19 = this.<com.xxmassdeveloper.mpchartexample.RadarChartActivitry: com.github.mikephil.charting.charts.RadarChart mChart>"", ""TraversedLines"": [""at com.xxmassdeveloper.mpchartexample.RadarChartActivitry.onCreate(RadarChartActivitry.java:59)"", ""at com.xxmassdeveloper.mpchartexample.RadarChartActivitry.onCreate(RadarChartActivitry.java:68)"", ""at com.xxmassdeveloper.mpchartexample.RadarChartActivitry.onCreate(RadarChartActivitry.java:68)"", ""at com.xxmassdeveloper.mpchartexample.RadarChartActivitry.onCreate(RadarChartActivitry.java:72)""]}"
MPAndroidChart;com.xxmassdeveloper.mpchartexample.StackedBarActivityNegative;onCreate(Bundle);9297923f09460d0484cd713b0abbeaea9b888ec0;[64, 65];[];False;
MPAndroidChart;com.xxmassdeveloper.mpchartexample.LineChartActivity1;onCreate(Bundle);9297923f09460d0484cd713b0abbeaea9b888ec0;[135];[];False;
MPAndroidChart;com.github.mikephil.charting.renderer.LineChartRenderer;drawData(Canvas);9531ba69895cd64fce48038ffd8df2543eeea1d2;[76, 77, 78];[76, 78];False;
MPAndroidChart;com.github.mikephil.charting.renderer.PieChartRenderer;drawData(Canvas);9531ba69895cd64fce48038ffd8df2543eeea1d2;[91, 92];[92, 94];False;
elasticsearch;org.elasticsearch.common.settings.IndexScopedSettings;BUILT_IN_INDEX_SETTINGS;d896886973660785aac45275ddb110c1a6babc57;[119, 120];[121];False;
elasticsearch;org.elasticsearch.action.index.TransportIndexAction;executeIndexRequestOnPrimary(IndexRequest, IndexShard, MappingUpdatedAction);d896886973660785aac45275ddb110c1a6babc57;[196];[201];False;
elasticsearch;org.elasticsearch.action.support.replication.ReplicationOperationTests;testReplication();d896886973660785aac45275ddb110c1a6babc57;[106, 108, 125, 126];[116, 103];False;
elasticsearch;org.elasticsearch.index.IndexSettings;IndexSettings(IndexMetaData, Settings, Predicate<String>, IndexScopedSettings);d896886973660785aac45275ddb110c1a6babc57;[238];[246, 269];False;
elasticsearch;org.elasticsearch.action.bulk.TransportShardBulkAction;update(IndexMetaData, BulkShardRequest, IndexShard, long[], VersionType[], Translog.Location, int, BulkItemRequest);d896886973660785aac45275ddb110c1a6babc57;[268, 255];[244, 249, 266, 254];True;"{""Kind"": ""source"", ""ClassName"": ""org.elasticsearch.action.bulk.TransportShardBulkAction"", ""MethodName"": ""update"", ""SourceCodeLineNumber"": 254, ""UnitStatement"": ""$stack113 = virtualinvoke t#6.<org.elasticsearch.action.support.replication.TransportWriteAction$WriteResult: org.elasticsearch.action.support.replication.ReplicationResponse getResponse()>()"", ""TraversedLines"": [""at org.elasticsearch.action.bulk.TransportShardBulkAction.update(TransportShardBulkAction.java:254)"", ""at org.elasticsearch.action.bulk.TransportShardBulkAction.update(TransportShardBulkAction.java:254)"", ""at org.elasticsearch.action.bulk.TransportShardBulkAction.update(TransportShardBulkAction.java:255)""]}"
elasticsearch;org.elasticsearch.action.support.replication.TransportReplicationAction;doRun();d896886973660785aac45275ddb110c1a6babc57;[455, 458, 460];[457, 459];False;
elasticsearch;org.elasticsearch.action.support.replication.ReplicationOperation;execute();d896886973660785aac45275ddb110c1a6babc57;[98, 109];[113, 98, 99, 101, 119, 108, 110];True;"{""Kind"": ""source"", ""ClassName"": ""org.elasticsearch.action.support.replication.ReplicationOperation"", ""MethodName"": ""execute"", ""SourceCodeLineNumber"": 98, ""UnitStatement"": ""$stack73 = interfaceinvoke $stack10.<org.elasticsearch.action.support.replication.ReplicationOperation$Primary: org.elasticsearch.cluster.routing.ShardRouting routingEntry()>()"", ""TraversedLines"": [""at org.elasticsearch.action.support.replication.ReplicationOperation.execute(ReplicationOperation.java:98)"", ""at org.elasticsearch.action.support.replication.ReplicationOperation.execute(ReplicationOperation.java:109)"", ""at org.elasticsearch.action.support.replication.ReplicationOperation.execute(ReplicationOperation.java:109)""]}"
elasticsearch;org.elasticsearch.index.engine.InternalEngineTests;testRecoverFromForeignTranslog();d896886973660785aac45275ddb110c1a6babc57;[2091];[2124];False;
elasticsearch;org.elasticsearch.index.engine.InternalEngine;InternalEngine(EngineConfig);d896886973660785aac45275ddb110c1a6babc57;[134];[161, 162, 163, 164];True;"{""Kind"": ""source"", ""ClassName"": ""org.elasticsearch.index.engine.InternalEngine"", ""MethodName"": ""<init>"", ""SourceCodeLineNumber"": 134, ""UnitStatement"": ""$stack21 = this.<org.elasticsearch.index.engine.InternalEngine: org.elasticsearch.index.shard.ShardId shardId>"", ""TraversedLines"": [""at org.elasticsearch.index.engine.InternalEngine.<init>(InternalEngine.java:134)"", ""at org.elasticsearch.index.engine.InternalEngine.<init>(InternalEngine.java:158)"", ""at org.elasticsearch.index.engine.InternalEngine.<init>(InternalEngine.java:162)"", ""at org.elasticsearch.index.engine.InternalEngine.<init>(InternalEngine.java:162)""]}"
elasticsearch;org.elasticsearch.action.DocWriteResponse;writeTo(StreamOutput);d896886973660785aac45275ddb110c1a6babc57;[140];[141];False;
elasticsearch;org.elasticsearch.action.DocWriteResponse;readFrom(StreamInput);d896886973660785aac45275ddb110c1a6babc57;[129];[130];False;
elasticsearch;org.elasticsearch.action.DocWriteResponse;toXContent(XContentBuilder, Params);d896886973660785aac45275ddb110c1a6babc57;[163, 164, 165, 166];[160];False;
elasticsearch;org.elasticsearch.cluster.metadata.MetaDataCreateIndexService;createIndex(CreateIndexClusterStateUpdateRequest, ActionListener<ClusterStateUpdateResponse>);d896886973660785aac45275ddb110c1a6babc57;[315];[304, 305, 309, 310, 312, 346, 300];False;
elasticsearch;org.elasticsearch.action.update.TransportUpdateAction;shardOperation(UpdateRequest, ActionListener<UpdateResponse>, int);d896886973660785aac45275ddb110c1a6babc57;[224, 185, 254];[192, 249, 250];False;
elasticsearch;org.elasticsearch.action.delete.TransportDeleteAction;executeDeleteRequestOnPrimary(DeleteRequest, IndexShard);d896886973660785aac45275ddb110c1a6babc57;[136];[140];False;
elasticsearch;org.elasticsearch.rest.action.cat.RestNodesAction;getTableWithHeader(RestRequest);3764b3ff800c94293aba0bb0fa18c7df80a764f7;[];[153, 154, 156, 157, 158, 159];False;
elasticsearch;org.elasticsearch.rest.action.cat.RestIndicesAction;getTableWithHeader(RestRequest);3764b3ff800c94293aba0bb0fa18c7df80a764f7;[];[144, 147, 150, 153, 138, 141];False;
elasticsearch;org.elasticsearch.rest.action.cat.RestShardsAction;getTableWithHeader(RestRequest);3764b3ff800c94293aba0bb0fa18c7df80a764f7;[];[112, 113];False;
elasticsearch;org.elasticsearch.common.settings.ClusterSettings;BUILT_IN_CLUSTER_SETTINGS;0404db65e3497452886173957729c8e82cfd4a03;[259, 264, 265];[256, 257, 258, 259, 254, 255];False;
elasticsearch;org.elasticsearch.test.ESSingleNodeTestCase;newNode();0404db65e3497452886173957729c8e82cfd4a03;[171];[173, 174];False;
elasticsearch;org.elasticsearch.index.query.support.NestedInnerQueryParseSupport;setPathLevel();59cb67c7bd0ab6311115b20954e013412b676b29;[193, 195, 197, 200];[199];False;
elasticsearch;org.elasticsearch.index.query.MultiMatchQueryBuilder;doXContent(XContentBuilder, Params);59cb67c7bd0ab6311115b20954e013412b676b29;[306, 367];[];False;
elasticsearch;org.elasticsearch.index.analysis.synonyms.SynonymsAnalysisTest;testSynonymsAnalysis();f3d63095dbcc985e24162fbac4ee0d6914dc757d;[65, 66, 67, 68, 69, 70, 71, 76];[73, 75];True;"{""Kind"": ""source"", ""ClassName"": ""org.elasticsearch.index.analysis.synonyms.SynonymsAnalysisTest"", ""MethodName"": ""testSynonymsAnalysis"", ""SourceCodeLineNumber"": 75, ""UnitStatement"": ""$stack22 = staticinvoke <org.elasticsearch.common.settings.Settings: org.elasticsearch.common.settings.Settings$Builder settingsBuilder()>()"", ""TraversedLines"": [""at org.elasticsearch.index.analysis.synonyms.SynonymsAnalysisTest.testSynonymsAnalysis(SynonymsAnalysisTest.java:75)"", ""at org.elasticsearch.index.analysis.synonyms.SynonymsAnalysisTest.testSynonymsAnalysis(SynonymsAnalysisTest.java:76)""]}"
elasticsearch;org.elasticsearch.index.analysis.commongrams.CommonGramsTokenFilterFactoryTests;testQueryModeCommonGramsAnalysis();f3d63095dbcc985e24162fbac4ee0d6914dc757d;[229];[226, 228];True;"{""Kind"": ""source"", ""ClassName"": ""org.elasticsearch.index.analysis.commongrams.CommonGramsTokenFilterFactoryTests"", ""MethodName"": ""testQueryModeCommonGramsAnalysis"", ""SourceCodeLineNumber"": 228, ""UnitStatement"": ""$stack9 = staticinvoke <org.elasticsearch.common.settings.Settings: org.elasticsearch.common.settings.Settings$Builder settingsBuilder()>()"", ""TraversedLines"": [""at org.elasticsearch.index.analysis.commongrams.CommonGramsTokenFilterFactoryTests.testQueryModeCommonGramsAnalysis(CommonGramsTokenFilterFactoryTests.java:228)"", ""at org.elasticsearch.index.analysis.commongrams.CommonGramsTokenFilterFactoryTests.testQueryModeCommonGramsAnalysis(CommonGramsTokenFilterFactoryTests.java:229)""]}"
elasticsearch;org.elasticsearch.index.analysis.commongrams.CommonGramsTokenFilterFactoryTests;testCommonGramsAnalysis();f3d63095dbcc985e24162fbac4ee0d6914dc757d;[144];[141, 143];True;"{""Kind"": ""source"", ""ClassName"": ""org.elasticsearch.index.analysis.commongrams.CommonGramsTokenFilterFactoryTests"", ""MethodName"": ""testCommonGramsAnalysis"", ""SourceCodeLineNumber"": 143, ""UnitStatement"": ""$stack8 = virtualinvoke $stack7.<java.lang.Class: java.io.InputStream getResourceAsStream(java.lang.String)>(\""/org/elasticsearch/index/analysis/commongrams/commongrams.json\"")"", ""TraversedLines"": [""at org.elasticsearch.index.analysis.commongrams.CommonGramsTokenFilterFactoryTests.testCommonGramsAnalysis(CommonGramsTokenFilterFactoryTests.java:143)"", ""at org.elasticsearch.index.analysis.commongrams.CommonGramsTokenFilterFactoryTests.testCommonGramsAnalysis(CommonGramsTokenFilterFactoryTests.java:144)""]}"
elasticsearch;org.elasticsearch.index.analysis.KuromojiAnalysisTests;createAnalysisService();f3d63095dbcc985e24162fbac4ee0d6914dc757d;[196, 197, 198, 199, 200, 201, 202, 206];[204, 207];True;"{""Kind"": ""source"", ""ClassName"": ""org.elasticsearch.index.analysis.KuromojiAnalysisTests"", ""MethodName"": ""createAnalysisService"", ""SourceCodeLineNumber"": 206, ""UnitStatement"": ""$stack22 = staticinvoke <org.elasticsearch.common.settings.Settings: org.elasticsearch.common.settings.Settings$Builder settingsBuilder()>()"", ""TraversedLines"": [""at org.elasticsearch.index.analysis.KuromojiAnalysisTests.createAnalysisService(KuromojiAnalysisTests.java:206)"", ""at org.elasticsearch.index.analysis.KuromojiAnalysisTests.createAnalysisService(KuromojiAnalysisTests.java:207)""]}"
elasticsearch;org.elasticsearch.index.query.SimpleIndexQueryParserTests;setup();36884807b3cc9d660db4da062275c7fdbec8ba67;[217];[208];True;"{""Kind"": ""source"", ""ClassName"": ""org.elasticsearch.index.query.SimpleIndexQueryParserTests"", ""MethodName"": ""setup"", ""SourceCodeLineNumber"": 208, ""UnitStatement"": ""$stack6 = staticinvoke <org.elasticsearch.common.settings.ImmutableSettings: org.elasticsearch.common.settings.ImmutableSettings$Builder settingsBuilder()>()"", ""TraversedLines"": [""at org.elasticsearch.index.query.SimpleIndexQueryParserTests.setup(SimpleIndexQueryParserTests.java:208)"", ""at org.elasticsearch.index.query.SimpleIndexQueryParserTests.setup(SimpleIndexQueryParserTests.java:209)"", ""at org.elasticsearch.index.query.SimpleIndexQueryParserTests.setup(SimpleIndexQueryParserTests.java:210)"", ""at org.elasticsearch.index.query.SimpleIndexQueryParserTests.setup(SimpleIndexQueryParserTests.java:211)"", ""at org.elasticsearch.index.query.SimpleIndexQueryParserTests.setup(SimpleIndexQueryParserTests.java:211)"", ""at org.elasticsearch.index.query.SimpleIndexQueryParserTests.setup(SimpleIndexQueryParserTests.java:212)"", ""at org.elasticsearch.index.query.SimpleIndexQueryParserTests.setup(SimpleIndexQueryParserTests.java:213)"", ""at org.elasticsearch.index.query.SimpleIndexQueryParserTests.setup(SimpleIndexQueryParserTests.java:217)"", ""at org.elasticsearch.index.query.SimpleIndexQueryParserTests.setup(SimpleIndexQueryParserTests.java:217)""]}"
fitnesse;fitnesse.testsystems.slim.tables.SlimTableFactoryTest;setUp();4d9ba9d221d879507440feb084fa7521b95111ec;[32, 31];[38];True;"{""Kind"": ""source"", ""ClassName"": ""fitnesse.testsystems.slim.tables.SlimTableFactoryTest"", ""MethodName"": ""setUp"", ""SourceCodeLineNumber"": 32, ""UnitStatement"": ""$stack13 = this.<fitnesse.testsystems.slim.tables.SlimTableFactoryTest: java.util.Map map>"", ""TraversedLines"": [""at fitnesse.testsystems.slim.tables.SlimTableFactoryTest.setUp(SlimTableFactoryTest.java:32)"", ""at fitnesse.testsystems.slim.tables.SlimTableFactoryTest.setUp(SlimTableFactoryTest.java:36)"", ""at fitnesse.testsystems.slim.tables.SlimTableFactoryTest.setUp(SlimTableFactoryTest.java:37)"", ""at fitnesse.testsystems.slim.tables.SlimTableFactoryTest.setUp(SlimTableFactoryTest.java:38)"", ""at fitnesse.testsystems.slim.tables.SlimTableFactoryTest.setUp(SlimTableFactoryTest.java:38)""]}"
fitnesse;fitnesse.testsystems.slim.tables.SlimTableFactory;SlimTableFactory();4d9ba9d221d879507440feb084fa7521b95111ec;[24, 25];[31];False;
cloud-slang;io.cloudslang.lang.api.SlangImpl;getAllEventTypes();20bac30d9bd76569aa6a4fa1e8261c1a9b5e6f76;[116];[123, 124, 125];False;
cloud-slang;io.cloudslang.lang.api.SlangImplTest;ALL_EVENTS_SIZE;20bac30d9bd76569aa6a4fa1e8261c1a9b5e6f76;[59];[];False;
spring-boot;org.springframework.boot.jta.atomikos.AtomikosProperties;asProperties();6664ce19d6f2388ebd6cf54763f54fdddd226b9a;[323, 324, 325, 326, 327, 328, 317];[];False;
spring-boot;org.springframework.boot.jta.atomikos.AtomikosPropertiesTests;testProperties();6664ce19d6f2388ebd6cf54763f54fdddd226b9a;[49, 68, 55, 56, 57, 58, 74, 75, 76, 77];[];False;
spring-boot;org.springframework.boot.jta.atomikos.AtomikosPropertiesTests;testDefaultProperties();6664ce19d6f2388ebd6cf54763f54fdddd226b9a;[96, 98, 89, 93, 94, 95];[];False;
spring-boot;org.springframework.boot.autoconfigure.mongo.MongoProperties;builder(MongoClientOptions);958a0a45f164601d01cb706c19f22ed3e25eff56;[272];[261, 262, 263, 264, 265, 266, 267, 268, 271];False;
spring-boot;org.springframework.boot.loader.archive.ExplodedArchiveTests;getUrl();af20dc6cc45c032573413c401f9f73aa75371744;[];[];False;
spring-boot;org.springframework.boot.loader.archive.ExplodedArchive;getUrl();af20dc6cc45c032573413c401f9f73aa75371744;[];[];False;
spring-boot;org.springframework.boot.autoconfigure.cache.RedisCacheConfiguration;cacheManager(RedisTemplate<Object,Object>);c93ea54ea3e08eaa2a17640d5d2b3e60264c1a9c;[55];[60];False;
spring-boot;org.springframework.boot.context.embedded.undertow.UndertowEmbeddedServletContainerFactory;createDeploymentManager(ServletContextInitializer);ea8107b6a53fa60b5f23b33e1b6d2e88bb60133c;[357, 358, 359, 360, 345, 361, 362];[364];False;
spring-boot;org.springframework.boot.context.web.SpringBootServletInitializer;createRootApplicationContext(ServletContext);3444ebbc05b99a164474c14d6a6784f749514428;[99];[121, 123];False;
spring-boot;org.springframework.boot.context.web.SpringBootServletInitializer;createRootApplicationContext(ServletContext);074771ec125dd407af0282b92960e9e9e3377e84;[87];[88];True;"{""Kind"": ""source"", ""ClassName"": ""org.springframework.boot.context.web.SpringBootServletInitializer"", ""MethodName"": ""createRootApplicationContext"", ""SourceCodeLineNumber"": 87, ""UnitStatement"": ""builder = virtualinvoke this.<org.springframework.boot.context.web.SpringBootServletInitializer: org.springframework.boot.builder.SpringApplicationBuilder createSpringApplicationBuilder()>()"", ""TraversedLines"": [""at org.springframework.boot.context.web.SpringBootServletInitializer.createRootApplicationContext(SpringBootServletInitializer.java:87)"", ""at org.springframework.boot.context.web.SpringBootServletInitializer.createRootApplicationContext(SpringBootServletInitializer.java:88)""]}"
spring-boot;org.springframework.boot.autoconfigure.logging.AutoConfigurationReportLoggingInitializer;logAutoConfigurationReport(boolean);fdd3f12ee0f92ac18844c08bf71df39feebb6673;[114];[110];False;
spring-boot;org.springframework.boot.context.embedded.tomcat.TomcatEmbeddedServletContainerFactory;customizeConnector(Connector);2d4e68a9777601bfb8309c94d8b74bc21be80ad1;[240, 241, 242, 243, 244, 246, 247, 248, 249];[228];False;
quickml;quickdt.experiments.OutOfTimeCrossValidatorRunner;getRandomForestBuilder(int, int);bae968d9a85c0501ba8842a6f88e7fc2c6b78693;[];[42, 43];False;
vavr;javaslang.collection.HashSet;of(T);204635d9156b498079c2f34b821dca7ca1711ef6;[];[95];False;
vavr;javaslang.collection.LinkedHashSet;of(T);204635d9156b498079c2f34b821dca7ca1711ef6;[];[92];False;
vavr;javaslang.collection.CharSeq;of(char);204635d9156b498079c2f34b821dca7ca1711ef6;[];[100, 101, 102, 103, 104, 105, 106];False;
vavr;javaslang.collection.Iterator;of(T);204635d9156b498079c2f34b821dca7ca1711ef6;[];[144, 145, 161, 146, 147, 149, 153, 158];False;
crawler4j;edu.uci.ics.crawler4j.parser.Parser;parse(Page, String);6fdb8f27b53c5d69b552341a459d0e1fa610f68d;[113, 69, 85, 71, 72, 73, 74, 75, 76];[96, 98, 99, 101, 69, 102, 71, 74, 76, 89, 91, 92, 93, 95];False;
